,A,C,D,E,F,G,H,I,K,L,M,N,P,Q,R,S,T,V,W,Y
A,1.0,0.4,0.9,0.8,0.5,0.6,0.5,0.5,0.7,0.5,0.7,0.5,0.7,0.4,0.5,0.5,0.5,0.4,0.7,0.5
C,0.4,1.0,1.0,1.0,0.5,0.8,0.4,0.8,0.4,0.4,0.5,0.8,0.5,0.7,0.8,0.6,0.8,0.3,0.7,0.7
D,0.9,1.0,1.0,0.6,0.8,0.8,0.7,0.8,0.9,0.9,0.9,0.9,0.9,0.9,0.8,0.8,0.8,0.7,0.9,0.8
E,0.8,1.0,0.6,1.0,0.8,0.8,0.9,0.9,0.9,1.0,0.8,1.0,1.0,0.8,1.0,0.7,1.0,0.9,1.0,0.9
F,0.5,0.5,0.8,0.8,1.0,0.7,0.4,0.6,0.6,0.4,0.5,0.6,0.6,0.7,0.7,0.9,0.8,0.6,0.4,0.7
G,0.6,0.8,0.8,0.8,0.7,1.0,0.3,0.6,0.9,1.0,0.5,0.6,0.6,0.3,0.7,0.5,0.7,0.6,0.8,0.8
H,0.5,0.4,0.7,0.9,0.4,0.3,1.0,0.5,0.6,0.6,0.6,0.6,0.5,0.6,0.5,0.6,0.6,0.4,0.7,0.4
I,0.5,0.8,0.8,0.9,0.6,0.6,0.5,1.0,0.9,0.5,0.6,0.6,0.6,0.8,0.8,0.9,0.8,0.8,0.7,0.9
K,0.7,0.4,0.9,0.9,0.6,0.9,0.6,0.9,1.0,0.7,0.7,0.6,0.7,0.8,0.8,0.6,0.6,0.7,0.7,0.7
L,0.5,0.4,0.9,1.0,0.4,1.0,0.6,0.5,0.7,1.0,0.5,0.6,0.6,0.8,0.6,0.8,0.8,0.4,0.3,0.8
M,0.7,0.5,0.9,0.8,0.5,0.5,0.6,0.6,0.7,0.5,1.0,0.4,0.4,0.4,0.6,0.7,0.5,0.4,0.6,0.6
N,0.5,0.8,0.9,1.0,0.6,0.6,0.6,0.6,0.6,0.6,0.4,1.0,0.3,0.6,0.7,0.6,0.6,0.7,0.7,0.8
P,0.7,0.5,0.9,1.0,0.6,0.6,0.5,0.6,0.7,0.6,0.4,0.3,1.0,0.4,0.5,0.4,0.5,0.2,0.6,0.6
Q,0.4,0.7,0.9,0.8,0.7,0.3,0.6,0.8,0.8,0.8,0.4,0.6,0.4,1.0,0.5,0.5,0.9,0.7,0.7,0.8
R,0.5,0.8,0.8,1.0,0.7,0.7,0.5,0.8,0.8,0.6,0.6,0.7,0.5,0.5,1.0,0.5,0.7,0.5,0.8,0.9
S,0.5,0.6,0.8,0.7,0.9,0.5,0.6,0.9,0.6,0.8,0.7,0.6,0.4,0.5,0.5,1.0,0.5,0.6,0.9,0.8
T,0.5,0.8,0.8,1.0,0.8,0.7,0.6,0.8,0.6,0.8,0.5,0.6,0.5,0.9,0.7,0.5,1.0,0.5,0.7,0.9
V,0.4,0.3,0.7,0.9,0.6,0.6,0.4,0.8,0.7,0.4,0.4,0.7,0.2,0.7,0.5,0.6,0.5,1.0,0.8,0.6
W,0.7,0.7,0.9,1.0,0.4,0.8,0.7,0.7,0.7,0.3,0.6,0.7,0.6,0.7,0.8,0.9,0.7,0.8,1.0,0.7
Y,0.5,0.7,0.8,0.9,0.7,0.8,0.4,0.9,0.7,0.8,0.6,0.8,0.6,0.8,0.9,0.8,0.9,0.6,0.7,1.0
